threshold,min,max
0.3249702276556101,12.767375164645115,95.2042220417157
