threshold,min,max
0.32496960638138883,12.767374888438608,95.20424104059768
