threshold,min,max
0.3249698658138146,12.767374429580292,95.20413053089136
