threshold,min,max
0.37175729399553187,12.051667001594964,75.64471630766185
